Node_id-header,Node_parametrs-header
"['someItem1', 'someitem2']",One world
Node_id-header,Node_parametrs-header
"['someItem1', 'someitem2']",One world
Node_id-header,Node_parametrs-header
"['someItem1', 'someitem2']",One world
Node_id-header,Node_parametrs-header
"['someItem1', 'someitem2']",One world
Node_id-header,Node_parametrs-header
"['someItem1', 'someitem2']",One world
Node_id-header,Node_parametrs-header
"['someItem1', 'someitem2']",One world
Node_id-header,Node_parametrs-header
"['someItem1', 'someitem2']",One world
Node_id-header,Node_parametrs-header
"['someItem1', 'someitem2']",One world
Node_id-header,Node_parametrs-header
"['someItem1', 'someitem2']",One world
Node_id-header,Node_parametrs-header
"['someItem1', 'someitem2']",One world
Node_id-header,Node_parametrs-header
"['someItem1', 'someitem2']",One world
Node_id-header,Node_parametrs-header
"['someItem1', 'someitem2']",One world
Node_id-header,Node_parametrs-header
"['someItem1', 'someitem2']",One world
Node_id-header,Node_parametrs-header
"['someItem1', 'someitem2']",One world
